id,sequence_number,taxonomy_mothur,domain_mothur,phylum_mothur,class_mothur,order_mothur,family_mothur,genus_mothur,species_mothur
ASV_001392,TACAGAGGTCCCAAGCGTTGTTCGGATTCATTGGGCGTAAAGGGTGTGTAGGTGGCGCCGTAAGTCGGGTGTGAAATCTCGGGGCTTAAC,Bacteria;Verrucomicrobiota;Verrucomicrobiae;Chthoniobacterales;Chthoniobacteraceae;Candidatus_Udaeobacter;Candidatus_Udaeobacter_unclassified;Candidatus_Udaeobacter_unclassified;,Bacteria,Verrucomicrobiota,Verrucomicrobiae,Chthoniobacterales,Chthoniobacteraceae,Candidatus_Udaeobacter,null
ASV_001615,TACGGAGGGTGCAAGCGTTAATCGGATTTACTGGGCGTAAAGCGCGCGTAGGTGGCCAATTAAGTCAAATGTGAAATCCCTGAGCTTAAC,Bacteria;Proteobacteria;Gammaproteobacteria;Pseudomonadales;Moraxellaceae;Acinetobacter;Acinetobacter_unclassified;Acinetobacter_unclassified;,Bacteria,Proteobacteria,Gammaproteobacteria,Pseudomonadales,Moraxellaceae,Acinetobacter,null
ASV_001698,TACGTAGGGGGCAAGCGTTATCCGGATTTACTGGGTGTAAAGGGAGCGTAGACGGTAAAGCAAGTCTGAAGTGAAAGCCCGGGGCTCAAC,Bacteria;Firmicutes;Clostridia;Lachnospirales;Lachnospiraceae;Lachnoclostridium;Lachnoclostridium_unclassified;Lachnoclostridium_unclassified;,Bacteria,Firmicutes,Clostridia,Lachnospirales,Lachnospiraceae,Lachnoclostridium,null
ASV_001839,TACGGAGGATCCAAGCGTTATCCGGAATCATTGGGTTTAAAGGGTCCGTAGGCGGTTTTATAAGTCAGTGGTGAAATCCGGTAGCTCAAC,Bacteria;Bacteroidota;Bacteroidia;Flavobacteriales;Flavobacteriaceae;Flavobacterium;Flavobacterium_unclassified;Flavobacterium_unclassified;,Bacteria,Bacteroidota,Bacteroidia,Flavobacteriales,Flavobacteriaceae,Flavobacterium,null
ASV_001872,TACGAAGGGGGCTAGCGTTGTTCGGAATTACTGGGCGTAAAGCGCACGTAGGCGGATACTTAAGTCAGGGGTGAAATCCCGGGGCTCAAC,Bacteria;Proteobacteria;Alphaproteobacteria;Rhizobiales;Rhizobiaceae;Mesorhizobium;Mesorhizobium_unclassified;Mesorhizobium_unclassified;,Bacteria,Proteobacteria,Alphaproteobacteria,Rhizobiales,Rhizobiaceae,Mesorhizobium,null
ASV_001968,TACGTAGGGTGCGAGCGTTAATCGGAATTACTGGGCGTAAAGTGTGCGCAGGCGGCAGAGCAAGTCGAGTGTGAAAGCCCCGGGCTTAAC,Bacteria;Proteobacteria;Gammaproteobacteria;Burkholderiales;Nitrosomonadaceae;MND1;MND1_unclassified;MND1_unclassified;,Bacteria,Proteobacteria,Gammaproteobacteria,Burkholderiales,Nitrosomonadaceae,MND1,null
ASV_002079,TACGGAGGATCCGAGCGTTATCCGGATTTATTGGGTTTAAAGGGTGCGCAGGCGGGTATATAAGTCAGAGGTGAAATTCCACGGCTCAAC,Bacteria;Bacteroidota;Bacteroidia;Sphingobacteriales;Lentimicrobiaceae;Lentimicrobium;uncultured_soil_bacterium;uncultured_soil_bacterium_unclassified;,Bacteria,Bacteroidota,Bacteroidia,Sphingobacteriales,Lentimicrobiaceae,Lentimicrobium,null
ASV_002114,TACGAAGGGGGCTAGCGTTGTTCGGAATTACTGGGCGTAAAGCGCGCGTAGGCGGTTATGCAAGCCAGAGGTGAAATGCCTGAGCTCAAC,Bacteria;Proteobacteria;Alphaproteobacteria;Rhizobiales;A0839;uncultured_Alphaproteobacteria_bacterium;uncultured_Alphaproteobacteria_bacterium_unclassified;uncultured_Alphaproteobacteria_bacterium_unclassified;,Bacteria,Proteobacteria,Alphaproteobacteria,Rhizobiales,A0839,null,null
ASV_002253,CACCGGCAGCTCTAGTGGTAGCTGTTTTTATTGGGCCTAAAGCGTTCGTAGCCGGTTTGATAAGTCTCTGGTGAAATCCTGTAGCTTAAC,Archaea;Euryarchaeota;Methanobacteria;Methanobacteriales;Methanobacteriaceae;Methanobrevibacter;Methanobrevibacter_unclassified;Methanobrevibacter_unclassified;,Archaea,Euryarchaeota,Methanobacteria,Methanobacteriales,Methanobacteriaceae,Methanobrevibacter,null
ASV_002600,TACGGAGGATGCAAGCGTTATCCGGAATCACTGGGTTTAAAGGGTGCGTAGGCGGATTAACAAGTCAGAGGTGAAAGCTCTCAGCTTAAC,Bacteria;Bacteroidota;Bacteroidia;Chitinophagales;Saprospiraceae;Rubidimonas;Rubidimonas_unclassified;Rubidimonas_unclassified;,Bacteria,Bacteroidota,Bacteroidia,Chitinophagales,Saprospiraceae,Rubidimonas,null
ASV_002835,TACGTAGGGTGCGAGCGTTGTCCGGAATTACTGGGCGTAAAGAGCTCGTAGGTGGTCTGTCGCGTCATTTGTGAAAGCCCGGTGCTTAAC,Bacteria;Actinobacteriota;Actinobacteria;Corynebacteriales;Corynebacteriaceae;Corynebacterium;Corynebacterium_unclassified;Corynebacterium_unclassified;,Bacteria,Actinobacteriota,Actinobacteria,Corynebacteriales,Corynebacteriaceae,Corynebacterium,null
ASV_002976,TACGTAGGATCCGAGCGTTATCCGAATTTACTGGGCGTAAAGCGTGTGCAGGCGGTTTGATAAGTTGGATGTGAAAGCTCCCGGCTCAAC,Bacteria;Chloroflexi;Anaerolineae;Anaerolineales;Anaerolineaceae;RBG-16-58-14;uncultured_bacterium;uncultured_bacterium_unclassified;,Bacteria,Chloroflexi,Anaerolineae,Anaerolineales,Anaerolineaceae,RBG-16-58-14,null
ASV_003076,TACGTAGGGGGCAAGCGTTATCCGGATTTACTGGGTGTAAAGGGAGCGTAGACGGCTGTGCAAGTCTGAAGTGAAAGGCATGGGCTCAAC,Bacteria;Firmicutes;Clostridia;Lachnospirales;Lachnospiraceae;Dorea;Dorea_formicigenerans;Dorea_formicigenerans_unclassified;,Bacteria,Firmicutes,Clostridia,Lachnospirales,Lachnospiraceae,Dorea,Dorea_formicigenerans
ASV_003151,TACGGGGGATGCAAGCGTTATCCGGATTTATTGGGTTTAAAGGGTGCGTAGGCTGTAAGGTAAGTCAGCGGTGAAATGCCCCCGCTCAAC,Bacteria;Bacteroidota;Bacteroidia;Bacteroidales;Rikenellaceae;Rikenellaceae_RC9_gut_group;Rikenellaceae_RC9_gut_group_unclassified;Rikenellaceae_RC9_gut_group_unclassified;,Bacteria,Bacteroidota,Bacteroidia,Bacteroidales,Rikenellaceae,Rikenellaceae_RC9_gut_group,null
ASV_003161,TACGGAGGGTGCGAGCGTTGTCCGGATTTATTGGGTTTAAAGGGTGCGTAGGTGGCTATTTAAGTCAGTGGTGAAATACAGCCGCTCAAC,Bacteria;Bacteroidota;Bacteroidia;Cytophagales;Spirosomaceae;Dyadobacter;Dyadobacter_unclassified;Dyadobacter_unclassified;,Bacteria,Bacteroidota,Bacteroidia,Cytophagales,Spirosomaceae,Dyadobacter,null
ASV_003212,TACAGAGACTGCAAGCGTTATTCGGATTCACTGGGCGTAAAGGGTGCGCAGGCGGCCAAGTGTGTGAGGCGTGAAAGCCCGAGGCTCAAC,Bacteria;Verrucomicrobiota;Verrucomicrobiae;Opitutales;Opitutaceae;Opitutus;Opitutus_unclassified;Opitutus_unclassified;,Bacteria,Verrucomicrobiota,Verrucomicrobiae,Opitutales,Opitutaceae,Opitutus,null
ASV_003332,TACGTAGGGTGCGAGCGTTATCCGGAATTATTGGGCGTAAAGAGCTCGTAGGCGGTTTGTCGCGTCTGCCGTGAAAGTCCGGGGCTTAAC,Bacteria;Actinobacteriota;Actinobacteria;Micrococcales;Micrococcaceae;Micrococcus;Micrococcus_unclassified;Micrococcus_unclassified;,Bacteria,Actinobacteriota,Actinobacteria,Micrococcales,Micrococcaceae,Micrococcus,null
ASV_003425,TACGGAGGGTGCAAGCGTTAATCGGAATTACTGGGCGTAAAGCGCGCGTAGGTGGTTTGATAAGTTAGATGTGAAAGCCCCGGGCTCAAC,Bacteria;Proteobacteria;Gammaproteobacteria;Gammaproteobacteria_unclassified;Gammaproteobacteria_unclassified;Gammaproteobacteria_unclassified;Gammaproteobacteria_unclassified;Gammaproteobacteria_unclassified;,Bacteria,Proteobacteria,Gammaproteobacteria,null,null,null,null
ASV_003478,TACAGAGGTCCCAAGCGTTGTTCGGATTCACTGGGCGTAAAGGGTGCGTAGGTGGTCAGGTAAGTCGGATGTGAAATCTCCGAGCTCAAC,Bacteria;Verrucomicrobiota;Verrucomicrobiae;Pedosphaerales;Pedosphaeraceae;ADurb.Bin063-1;ADurb.Bin063-1_unclassified;ADurb.Bin063-1_unclassified;,Bacteria,Verrucomicrobiota,Verrucomicrobiae,Pedosphaerales,Pedosphaeraceae,ADurb.Bin063-1,null
ASV_003629,TACGGAGGATCCGAGCGTTATCCGGATTTATTGGGTTTAAAGGGTGCGTAGGCGGGGGATCAAGTCAGTGGTGAAATGGTGTGGCTCAAC,Bacteria;Bacteroidota;Bacteroidia;Bacteroidales;Bacteroidales_unclassified;Bacteroidales_unclassified;Bacteroidales_unclassified;Bacteroidales_unclassified;,Bacteria,Bacteroidota,Bacteroidia,Bacteroidales,null,null,null
ASV_003663,TACGTAGAAGGCTAGTGTTAGTTATCTTTATTGGGTTTAAAGGGTAAGTAGACGGTAAATTAAACTCTAAAAGAGTACTTATTTACTAGA,Bacteria;Proteobacteria;Alphaproteobacteria;Rickettsiales;Mitochondria;Penicillium_steckii;Penicillium_steckii_unclassified;Penicillium_steckii_unclassified;,Bacteria,Proteobacteria,Alphaproteobacteria,Rickettsiales,Mitochondria,Penicillium_steckii,null
ASV_003696,TACGTAGGGTGCGAGCGTTAATCGGAATTACTGGGCGTAAAGCGTGCGCAGGCGGTTTTTTAAGCCAGATGTGAAATCCCCGGGCTTAAC,Bacteria;Proteobacteria;Gammaproteobacteria;Burkholderiales;Burkholderiales_unclassified;Burkholderiales_unclassified;Burkholderiales_unclassified;Burkholderiales_unclassified;,Bacteria,Proteobacteria,Gammaproteobacteria,Burkholderiales,null,null,null
ASV_003707,TACGAAGGGGGCTAGCGTTGTTCGGAATTACTGGGCGTAAAGGGCGCGTAGGCGGCCTACCAAGTCAGGCGTGAAAGCCCCGGGCTTAAC,Bacteria;Proteobacteria;Alphaproteobacteria;Azospirillales;Azospirillaceae;Azospirillaceae_unclassified;Azospirillaceae_unclassified;Azospirillaceae_unclassified;,Bacteria,Proteobacteria,Alphaproteobacteria,Azospirillales,Azospirillaceae,null,null
ASV_003948,TACGTAGGGTGCGAGCGTTAATCGGAATTACTGGGCGTAAAGCGTGCGCAGGCGGTAATGCAAGACAGATGTGAAATCCCCGGGCTTAAC,Bacteria;Proteobacteria;Gammaproteobacteria;Burkholderiales;Comamonadaceae;Pseudorhodoferax;metagenome;metagenome_unclassified;,Bacteria,Proteobacteria,Gammaproteobacteria,Burkholderiales,Comamonadaceae,Pseudorhodoferax,metagenome
ASV_004034,TACGAAGGTGGCAAGCGTTATTCGGATTTACTGGGCGTACAGGGAGCGTAGGCGGTTCGGTAAGCCCTCTGTGAAATCTCCAGGCTTAAC,Bacteria;Nitrospirota;Nitrospiria;Nitrospirales;Nitrospiraceae;Nitrospira;Nitrospira_unclassified;Nitrospira_unclassified;,Bacteria,Nitrospirota,Nitrospiria,Nitrospirales,Nitrospiraceae,Nitrospira,null
ASV_004040,TACAGAGGTCCCGAGCGTTGTTCGGATTCACTGGGCGTAAAGGGTGCGTAGGTGGTGAGGTAAGTCGGATGTGAAATCTCCAGGCTCAAC,Bacteria;Verrucomicrobiota;Verrucomicrobiae;Pedosphaerales;Pedosphaeraceae;ADurb.Bin063-1;ADurb.Bin063-1_unclassified;ADurb.Bin063-1_unclassified;,Bacteria,Verrucomicrobiota,Verrucomicrobiae,Pedosphaerales,Pedosphaeraceae,ADurb.Bin063-1,null
ASV_004275,TACGGAGGGTGCAAGCGTTATCCGGATTTACTGGGTTTAAAGGGTGTGTAGGCGGGCTTTTAAGTCAGCGGTGAAATCTCCGGGCTCAAC,Bacteria;Bacteroidota;Bacteroidia;Chitinophagales;Chitinophagaceae;Edaphobaculum;Edaphobaculum_unclassified;Edaphobaculum_unclassified;,Bacteria,Bacteroidota,Bacteroidia,Chitinophagales,Chitinophagaceae,Edaphobaculum,null
ASV_004291,TACGGAGGGTGCAAGCGTTATCCGGATTCACTGGGTTTAAAGGGTGCGTAGGCGGATTAGTAAGTCCGTGGTGAAATCTCCAAGCTTAAC,Bacteria;Bacteroidota;Bacteroidia;Chitinophagales;Chitinophagaceae;Chitinophaga;Chitinophaga_unclassified;Chitinophaga_unclassified;,Bacteria,Bacteroidota,Bacteroidia,Chitinophagales,Chitinophagaceae,Chitinophaga,null
ASV_004333,TACGTAGGTGGCAAGCGTTGTCCGGATTTATTGGGTTTAAAGGGTGCGTAGGCGGTCTTATAAGTCAGTGCTGAAATATCCCGGCTTAAC,Bacteria;Bacteroidota;Bacteroidia;Cytophagales;Microscillaceae;Ohtaekwangia;Ohtaekwangia_unclassified;Ohtaekwangia_unclassified;,Bacteria,Bacteroidota,Bacteroidia,Cytophagales,Microscillaceae,Ohtaekwangia,null
ASV_004441,TTCCAGCTCCACTAGCGTATATTAAAATTGTTGCGGTTAAAACGTTCGAAGTTTGATTTTGTCCAGCACGGGTATTACACCTAAAGTTAC,Bacteria;Bacteria_unclassified;Bacteria_unclassified;Bacteria_unclassified;Bacteria_unclassified;Bacteria_unclassified;Bacteria_unclassified;Bacteria_unclassified;,Bacteria,null,null,null,null,null,null
ASV_004551,TACGTAGGCAGCAAACGTTGTTCGGAGTTACTGGGCGTAAAGAGTACGTAGGCGGTTTGCTAAGTTTGGTGTGAAATCTCCTGGCTTAAC,Bacteria;Acidobacteriota;Acidobacteriae;Bryobacterales;Bryobacteraceae;Bryobacter;Bryobacter_unclassified;Bryobacter_unclassified;,Bacteria,Acidobacteriota,Acidobacteriae,Bryobacterales,Bryobacteraceae,Bryobacter,null
ASV_004690,TACGTAGGGGGCGAGCGTTGTCCGGATTTATTGGGCGTAAAGAGCGTGTAGGCGGTTCGGTAAGTCTGTCGTGAAATCCTGGGGCTCAAC,Bacteria;Actinobacteriota;Rubrobacteria;Rubrobacterales;Rubrobacteriaceae;Rubrobacter;Rubrobacter_unclassified;Rubrobacter_unclassified;,Bacteria,Actinobacteriota,Rubrobacteria,Rubrobacterales,Rubrobacteriaceae,Rubrobacter,null
ASV_004786,TACAGAGGGTGCGAGCGTTGTTCGGAATTATTGGGCGTAAAGGGCGCGTAGGCGGTGCGGTAAGTCTCCTGTGAAATCTCCGGGCTCAAC,Bacteria;Acidobacteriota;Acidobacteriae;Acidobacteriales;Acidobacteriales_unclassified;Acidobacteriales_unclassified;Acidobacteriales_unclassified;Acidobacteriales_unclassified;,Bacteria,Acidobacteriota,Acidobacteriae,Acidobacteriales,null,null,null
ASV_004866,TACGAGGGGGGTTAGCGTTATCCTAAATGATTGGGTATAAAGAGTTTGTAGGCTGTATTTGTTGTTACTTGTAAAATATTTGGGCAGTTT,Bacteria;Proteobacteria;Alphaproteobacteria;Rickettsiales;Mitochondria;Mitochondria_unclassified;Mitochondria_unclassified;Mitochondria_unclassified;,Bacteria,Proteobacteria,Alphaproteobacteria,Rickettsiales,Mitochondria,null,null
ASV_004881,TACGGAAGGTCCGGGCGTTATCCGGATTTATTGGGTTTAAAGGGAGCGTAGGCCGTCTTATAAGCGTGTTGTGAAATGTCGGGGCTCAAC,Bacteria;Bacteroidota;Bacteroidia;Bacteroidales;Prevotellaceae;Prevotella;Prevotella_unclassified;Prevotella_unclassified;,Bacteria,Bacteroidota,Bacteroidia,Bacteroidales,Prevotellaceae,Prevotella,null
ASV_005114,TACGTAGGGTGCGAGCGTTAATCGGAATTACTGGGCGTAAAGCGTGCGCAGGCGGTTATGCAAGCTTGATGTGAAAGCCCCGGGCTTAAC,Bacteria;Proteobacteria;Gammaproteobacteria;Burkholderiales;Burkholderiales_unclassified;Burkholderiales_unclassified;Burkholderiales_unclassified;Burkholderiales_unclassified;,Bacteria,Proteobacteria,Gammaproteobacteria,Burkholderiales,null,null,null
ASV_005143,TACGGAGGGTGCAAACGTTGCTCGGAATCATTGGGCGTAAAGCGCGCGTAGGCGGCTTGATAAGTCGGATGTGAAAGCCCTCGGCTTAAC,Bacteria;Myxococcota;Polyangia;Haliangiales;Haliangiaceae;Haliangium;Haliangium_unclassified;Haliangium_unclassified;,Bacteria,Myxococcota,Polyangia,Haliangiales,Haliangiaceae,Haliangium,null
ASV_005451,GCTCCTACCGATTTCGAGTGATCCGGTGAACCTTTTGGACTGCGCGGGGCTCCGTGCCCCGTGCGGAAAATCAAGTAAACCATATCACTT,Bacteria;Bacteria_unclassified;Bacteria_unclassified;Bacteria_unclassified;Bacteria_unclassified;Bacteria_unclassified;Bacteria_unclassified;Bacteria_unclassified;,Bacteria,null,null,null,null,null,null
ASV_005648,TACGTAGGGACCAAGCGTTGTTCGGATTTACTGGGCGTAAAGGGCGCGTAGGCGGCTTTGTAAGTCACTTGTGAAATCTCTGAGCTTAAC,Bacteria;Acidobacteriota;Blastocatellia;Blastocatellales;Blastocatellaceae;JGI_0001001-H03;metagenome;metagenome_unclassified;,Bacteria,Acidobacteriota,Blastocatellia,Blastocatellales,Blastocatellaceae,JGI_0001001-H03,metagenome
ASV_005765,TACAGAGGTCTCAAGCGTTGTTCGGATTCATTGGGCGTAAAGGGTGCGTAGGTGGTGACGCAAGTCTGGTGTGAAATCTCGGAGCTCAAC,Bacteria;Verrucomicrobiota;Verrucomicrobiae;Chthoniobacterales;Xiphinematobacteraceae;Candidatus_Xiphinematobacter;uncultured_Verrucomicrobia_bacterium;uncultured_Verrucomicrobia_bacterium_unclassified;,Bacteria,Verrucomicrobiota,Verrucomicrobiae,Chthoniobacterales,Xiphinematobacteraceae,Candidatus_Xiphinematobacter,null
ASV_005931,AAACCATGCGAGTGAGCTCCAAGTGAGGGTGCCATTCAATGTGGCATTCGAACTTGGGGTTCACAAGCGGGGTTAAGTCGTAACAAGGTA,Bacteria;Bacteria_unclassified;Bacteria_unclassified;Bacteria_unclassified;Bacteria_unclassified;Bacteria_unclassified;Bacteria_unclassified;Bacteria_unclassified;,Bacteria,null,null,null,null,null,null
ASV_006017,TACGGAGGGGGCGAGTGTTGTTCGGAATTACTGGGCGTAAAGGGCGCGCAGGCGGCCTGGCAAGTCGAGTGTGAAATCCCTTGGCTTAAC,Bacteria;Myxococcota;bacteriap25;uncultured_Syntrophobacter_sp.;uncultured_Syntrophobacter_sp._unclassified;uncultured_Syntrophobacter_sp._unclassified;uncultured_Syntrophobacter_sp._unclassified;uncultured_Syntrophobacter_sp._unclassified;,Bacteria,Myxococcota,bacteriap25,null,null,null,null
ASV_006045,CACCGGCAGCTCTAGTGGTAGCAACTTTTATTGGGCCTAAAGCGTCCGTAGCCGGTTTAATAAGTCTCTGGTGAAATCCTGTAGCTTAAC,Archaea;Euryarchaeota;Methanobacteria;Methanobacteriales;Methanobacteriaceae;Methanobrevibacter;Methanobrevibacter_millerae;Methanobrevibacter_millerae_unclassified;,Archaea,Euryarchaeota,Methanobacteria,Methanobacteriales,Methanobacteriaceae,Methanobrevibacter,Methanobrevibacter_millerae
ASV_006061,GACGTAGGGGGCCAGCGTTGTTCGGAATTACTGGGTGTAAAGGGTCAGTAGGCGGTGTGGCAAGTCGGGAGTGAAATCTATGGGCTTAAC,Bacteria;Acidobacteriota;Acidobacteriae;Subgroup_2;Subgroup_2_unclassified;Subgroup_2_unclassified;Subgroup_2_unclassified;Subgroup_2_unclassified;,Bacteria,Acidobacteriota,Acidobacteriae,Subgroup_2,null,null,null
ASV_006444,TACAGAGGGTGCGAGCGTTGTCCGGAATCACTGGGCGTAAAGGGCGCGTAGGCGGTCTGGTAAGCGTGTGGTGAAAGCTCGGGGCTCAAC,Bacteria;Gemmatimonadota;Gemmatimonadetes;Gemmatimonadales;Gemmatimonadaceae;Gemmatimonadaceae_unclassified;Gemmatimonadaceae_unclassified;Gemmatimonadaceae_unclassified;,Bacteria,Gemmatimonadota,Gemmatimonadetes,Gemmatimonadales,Gemmatimonadaceae,null,null
ASV_006977,TACGTAGGTGGCAAGCGTTGTCCGGAATTATTGGGCGTAAAGGGCGCGCAGGCGGTTCGGTAAGTCTGTCTTAAAAGTGCGGGGCTTAAC,Bacteria;Firmicutes;Negativicutes;Veillonellales-Selenomonadales;Veillonellaceae;Megasphaera;Megasphaera_sp._UPII_199-6;Megasphaera_sp._UPII_199-6_unclassified;,Bacteria,Firmicutes,Negativicutes,Veillonellales-Selenomonadales,Veillonellaceae,Megasphaera,Megasphaera_sp._UPII_199-6
ASV_007062,GACGAGCTCCCCGAACGTTATTCGGTATTACTGGGCTTAAAGAGTTCGTAGGCGGCCCGACAGGTGAGGTGTGAAATCCCTCGGCTCAAC,Bacteria;Planctomycetota;Planctomycetes;Pirellulales;Pirellulaceae;Pirellula;Pirellula_unclassified;Pirellula_unclassified;,Bacteria,Planctomycetota,Planctomycetes,Pirellulales,Pirellulaceae,Pirellula,null
ASV_007131,TACGGAGGGTGCAAGCGTTAATCGGAATTACTGGGCGTAAAGAGTGCGTAGGCGGCACGTTAAGTCAGATGTGAAAGCCCTGGGCTCAAC,Bacteria;Proteobacteria;Gammaproteobacteria;Methylococcales;Methylomonadaceae;Crenothrix;uncultured_gamma_proteobacterium;uncultured_gamma_proteobacterium_unclassified;,Bacteria,Proteobacteria,Gammaproteobacteria,Methylococcales,Methylomonadaceae,Crenothrix,null
ASV_007153,GCTCCTACCGATTTCGAGTGGTCCGGTGAACCTTTTGGACTGCGCGGGGCTCCGTGCTCCGTGCGGAAAATCAAGTAAACCATATCACTT,Bacteria;Bacteria_unclassified;Bacteria_unclassified;Bacteria_unclassified;Bacteria_unclassified;Bacteria_unclassified;Bacteria_unclassified;Bacteria_unclassified;,Bacteria,null,null,null,null,null,null
ASV_007416,GACAGAGGTGGCAAGCGTTGTTCGGAATTACTGGGCTTAAAGGGCGCGTAGGTGGTGATATAAGTCCGAGGTGGAAGACTGGGGCTTAAC,Bacteria;Nitrospirota;Thermodesulfovibrionia;uncultured;uncultured_Syntrophorhabdaceae_bacterium;uncultured_Syntrophorhabdaceae_bacterium_unclassified;uncultured_Syntrophorhabdaceae_bacterium_unclassified;uncultured_Syntrophorhabdaceae_bacterium_unclassified;,Bacteria,Nitrospirota,Thermodesulfovibrionia,null,null,null,null
ASV_007463,GACGAAGGTGGCAAGCGTTGTTCGGTATCACTGGGCTTAAAGGGTGTGTAGGCGGAAGCGTAAGCGCTTTGTGAAATCCCTCGGCTTAAC,Bacteria;Planctomycetota;Phycisphaerae;MSBL9;SG8-4;SG8-4_unclassified;SG8-4_unclassified;SG8-4_unclassified;,Bacteria,Planctomycetota,Phycisphaerae,MSBL9,SG8-4,null,null
ASV_007561,TACGGAGGGTGCAAGCGTTATCCGGATTCACTGGGTTTAAAGGGTGCGTAGGTTGATAGGTAAGTCAGTGGTGAAATACTCCGACTCAAT,Bacteria;Bacteroidota;Bacteroidia;Chitinophagales;uncultured;uncultured_unclassified;uncultured_unclassified;uncultured_unclassified;,Bacteria,Bacteroidota,Bacteroidia,Chitinophagales,null,null,null
ASV_007625,TACGGAGGGTGCAAGCGTTATCCGGATTTACTGGGTTTAAAGGGTGCGTAGGTGGATAAGTAAGTCAGTGGTGAAATCTCCGGGCTTAAC,Bacteria;Bacteroidota;Bacteroidia;Chitinophagales;Chitinophagaceae;Ferruginibacter;Ferruginibacter_unclassified;Ferruginibacter_unclassified;,Bacteria,Bacteroidota,Bacteroidia,Chitinophagales,Chitinophagaceae,Ferruginibacter,null
ASV_007988,TACGAAGGGGGCGAGCGTTGTTCGGAATCACTGGGCGTAAAGGGCGCGTAGGCGGCCCTGTTTGTCGCGTGTGAAAGCCCCGGGCTCAAC,Bacteria;Proteobacteria;Alphaproteobacteria;Elsterales;uncultured;uncultured_unclassified;uncultured_unclassified;uncultured_unclassified;,Bacteria,Proteobacteria,Alphaproteobacteria,Elsterales,null,null,null
ASV_008040,AACGTAGGGGGCAAGCGTTATCCGGATTCATTGGGCGTAAAGCGCGTGCAGGTGGTGCTTTAAGTTGGGCGTGAAATCTCCTGGCTTAAC,Bacteria;Chloroflexi;Anaerolineae;Thermoflexales;Thermoflexaceae;Thermoflexus;Thermoflexus_unclassified;Thermoflexus_unclassified;,Bacteria,Chloroflexi,Anaerolineae,Thermoflexales,Thermoflexaceae,Thermoflexus,null
ASV_008223,TACGGAGGGAGCTAGCGTTGTTCGGAATTACTGGGCGTAAAGCGCGCGTAGGCGGCTTTTTAAGTCAGGGGTGAAATCCCGGAGCTCAAC,Bacteria;Proteobacteria;Alphaproteobacteria;Sphingomonadales;Sphingomonadaceae;Altererythrobacter;Altererythrobacter_ishigakiensis;Altererythrobacter_ishigakiensis_unclassified;,Bacteria,Proteobacteria,Alphaproteobacteria,Sphingomonadales,Sphingomonadaceae,Altererythrobacter,Altererythrobacter_ishigakiensis
ASV_008281,TACGTAGGGGGCAAGCGTTGTCCGGAATGATTGGGCGTAAAGGGCGCGTAGGCGGCTAACTAAGTCTGGAGTGAAAGTCCTGCTTTTAAG,Bacteria;Firmicutes;Clostridia;Clostridia_unclassified;Clostridia_unclassified;Clostridia_unclassified;Clostridia_unclassified;Clostridia_unclassified;,Bacteria,Firmicutes,Clostridia,null,null,null,null
ASV_008371,TACGGAGGGTGCAAGCGTTGTCCGGATTTATTGGGTTTAAAGGGTGCGTAGGCGGCCGATTAAGTCAGTGGTGAAAGCCTATAGCTTAAC,Bacteria;Bacteroidota;Bacteroidia;Cytophagales;Cyclobacteriaceae;uncultured;uncultured_unclassified;uncultured_unclassified;,Bacteria,Bacteroidota,Bacteroidia,Cytophagales,Cyclobacteriaceae,null,null
ASV_008372,TACAGAGGGTGCGAGCGTTGTCCGGAATCACTGGGCGTAAAGGGCGCGTAGGCGGCTTGGTAAGTAGGGGGTGAAATGCTGCGGCTCAAC,Bacteria;Gemmatimonadota;Gemmatimonadetes;Gemmatimonadales;Gemmatimonadaceae;uncultured;uncultured_unclassified;uncultured_unclassified;,Bacteria,Gemmatimonadota,Gemmatimonadetes,Gemmatimonadales,Gemmatimonadaceae,null,null
ASV_008456,TACGGAGGGTGCGAGCGTTGTCCGGAATCACTGGGCGTAAAGGGCGCGTAGGTGGCCCGTTAAGTGGCTGGTGAAATCCCGGGGCTCAAC,Bacteria;Gemmatimonadota;Gemmatimonadetes;Gemmatimonadales;Gemmatimonadaceae;uncultured;Gemmatimonadetes_bacterium;Gemmatimonadetes_bacterium_unclassified;,Bacteria,Gemmatimonadota,Gemmatimonadetes,Gemmatimonadales,Gemmatimonadaceae,null,Gemmatimonadetes_bacterium
ASV_008538,TACGTAGGGGGCGAGCGTTGTCCGGAATTACTGGGCGTAAAGGGTGCGTAGGCGGCCTATTAAGTTGGATGTGAAATACCCGGGCTTAAC,Bacteria;Firmicutes;Clostridia;Christensenellales;Christensenellaceae;Christensenellaceae_R-7_group;Christensenellaceae_R-7_group_unclassified;Christensenellaceae_R-7_group_unclassified;,Bacteria,Firmicutes,Clostridia,Christensenellales,Christensenellaceae,Christensenellaceae_R-7_group,null
ASV_008557,TACGTAGGATGCAAGCGTTATCCGGAATGACTGGGCGTAAAGGGTGCGTAGGCGGTTTGGCAAGTTGGTAGCGTAATTCCGGGGCTTAAC,Bacteria;Firmicutes;Clostridia;Clostridia_vadinBB60_group;uncultured_Thermotalea_sp.;uncultured_Thermotalea_sp._unclassified;uncultured_Thermotalea_sp._unclassified;uncultured_Thermotalea_sp._unclassified;,Bacteria,Firmicutes,Clostridia,Clostridia_vadinBB60_group,null,null,null
ASV_008817,TACGAAGGGTGCAAGCGTTAATCGGAATTACTGGGCGTAAAGCGCGCGTAGGCGGTTTAATAAGTTGGATGTGAAAGCCCCGGGCTCAAC,Bacteria;Proteobacteria;Gammaproteobacteria;Gammaproteobacteria_unclassified;Gammaproteobacteria_unclassified;Gammaproteobacteria_unclassified;Gammaproteobacteria_unclassified;Gammaproteobacteria_unclassified;,Bacteria,Proteobacteria,Gammaproteobacteria,null,null,null,null
ASV_008837,TCCGGCTGACTGACTGCTTCGGTAGATATCTCGTATGCCGTCTTCTGCTTGATTAAAAACCCCGGTAGTCCGGCTGACTGACTGCTTCGG,Bacteria;Bacteria_unclassified;Bacteria_unclassified;Bacteria_unclassified;Bacteria_unclassified;Bacteria_unclassified;Bacteria_unclassified;Bacteria_unclassified;,Bacteria,null,null,null,null,null,null
ASV_009507,TACCGGCAGCCCGAGTGATAGCCACTATTATTGGGCCTAAAGCGTCCGTAGCCGGCCGAACAGGTCCATCGGGAAATCCACCCGCTCAAC,Archaea;Halobacterota;Halobacteria;Halobacterales;Halococcaceae;Halococcus;Halococcus_unclassified;Halococcus_unclassified;,Archaea,Halobacterota,Halobacteria,Halobacterales,Halococcaceae,Halococcus,null
ASV_009836,TACGTAGGTGGCAAGCGTTGTCCGGATTTACTGGGCGTAAAGGGCTTGTAGGCGGTCCGTTAAGTCTGGTGTGAAATCTCCCGGCTCAAC,Bacteria;Chloroflexi;Dehalococcoidia;S085;uncultured_prokaryote;uncultured_prokaryote_unclassified;uncultured_prokaryote_unclassified;uncultured_prokaryote_unclassified;,Bacteria,Chloroflexi,Dehalococcoidia,S085,null,null,null
ASV_010337,TACGGAGGATCCGAGCGTTATCCGGATTTATTGGGTTTAAAGGGTGCGTAGGCGGCACTTTAAGTCAGGGGTGAAAGACGGCAGCTTAAC,Bacteria;Bacteroidota;Bacteroidia;Sphingobacteriales;Sphingobacteriaceae;Sphingobacterium;Sphingobacterium_unclassified;Sphingobacterium_unclassified;,Bacteria,Bacteroidota,Bacteroidia,Sphingobacteriales,Sphingobacteriaceae,Sphingobacterium,null
ASV_010473,TACGAAGGGGGCTAGCGTTGCTCGGAATGACTGGGCGTAAAGGGCGCGTAGGCGGATTGTTTAGTTAGGTGTGAAATTCCTGGGCTTAAC,Bacteria;Proteobacteria;Alphaproteobacteria;Acetobacterales;Acetobacteraceae;uncultured;uncultured_unclassified;uncultured_unclassified;,Bacteria,Proteobacteria,Alphaproteobacteria,Acetobacterales,Acetobacteraceae,null,null
ASV_010602,TACGTAGGTGGCGAGCGTTATCCGGATTTATTGGGCGTAAAGGGAGCGTAGGCGGATATTTAAGTGGGATGTGAAATACTTGGGCTCAAC,Bacteria;Firmicutes;Clostridia;Clostridiales;Clostridiaceae;Clostridium_sensu_stricto_1;Clostridium_sp._Marseille-P2434;Clostridium_sp._Marseille-P2434_unclassified;,Bacteria,Firmicutes,Clostridia,Clostridiales,Clostridiaceae,Clostridium_sensu_stricto_1,Clostridium_sp._Marseille-P2434
ASV_010603,TACGAAGGACCCGAGCGTTATCCGGATTTATTGGGTTTAAAGGGTGCGTAGGCGTCCTGGAAAGTTACGGTTGAAATCTCCTTGCTCAAC,Bacteria;Bacteroidota;Bacteroidia;Sphingobacteriales;AKYH767;Bacteroidetes_bacterium_2013_40CM_41_45;Bacteroidetes_bacterium_2013_40CM_41_45_unclassified;Bacteroidetes_bacterium_2013_40CM_41_45_unclassified;,Bacteria,Bacteroidota,Bacteroidia,Sphingobacteriales,AKYH767,Bacteroidetes_bacterium_2013_40CM_41_45,null
ASV_010746,TACGGAGGGTGCAAGCGTTGTTCGGAATCACTGGGCGTAAAGCGCGTGTAGGCGGTCCGCTAAGTCTGATGTGAAAGCCCGGGGCTCACC,Bacteria;Desulfobacterota;uncultured;uncultured_unclassified;uncultured_unclassified;uncultured_unclassified;uncultured_unclassified;uncultured_unclassified;,Bacteria,Desulfobacterota,null,null,null,null,null
ASV_010747,TACGTAGGTCTCAAGCGTTATCCGGATTTACTGGGCGTAAAGTGTTCGTAGCCTGATATGCAAGTCAGTTTTCAAATATCTCGACTCAAT,Bacteria;Patescibacteria;Gracilibacteria;Absconditabacteriales_(SR1);Absconditabacteriales_(SR1)_unclassified;Absconditabacteriales_(SR1)_unclassified;Absconditabacteriales_(SR1)_unclassified;Absconditabacteriales_(SR1)_unclassified;,Bacteria,Patescibacteria,Gracilibacteria,Absconditabacteriales_(SR1),null,null,null
ASV_010868,TACGGAGGATGCAAGCGTTATCCGGATTCATTGGGTTTAAAGGGTGCGCAGGCGGGCTTGTAAGTCAGTGGTGAAATACTGCCGCTTAAC,Bacteria;Bacteroidota;Bacteroidia;Bacteroidales;Prolixibacteraceae;Tangfeifania;uncultured_organism;uncultured_organism_unclassified;,Bacteria,Bacteroidota,Bacteroidia,Bacteroidales,Prolixibacteraceae,Tangfeifania,null
ASV_011198,TACGTAGGCAGCAAGCGTTGTTCGGAATTACTGGGCGTAAAGAGTGTGTAGGCGGTGCTCCAAGTCTGGTGTGAAATCTCCCGGCTCAAC,Bacteria;Acidobacteriota;Acidobacteriae;Bryobacterales;Bryobacteraceae;Bryobacter;uncultured_Clostridium_sp.;uncultured_Clostridium_sp._unclassified;,Bacteria,Acidobacteriota,Acidobacteriae,Bryobacterales,Bryobacteraceae,Bryobacter,null
ASV_011231,TACAGAGGTCTCAAGCGTTGTTCGGATTCATTGGGCGTAAAGGGTGCGTAGGTGGTGCTGTAAGTCAGGTGTGAAATCTCGGGGCTCAAC,Bacteria;Verrucomicrobiota;Verrucomicrobiae;Chthoniobacterales;Chthoniobacteraceae;Chthoniobacter;uncultured_organism;uncultured_organism_unclassified;,Bacteria,Verrucomicrobiota,Verrucomicrobiae,Chthoniobacterales,Chthoniobacteraceae,Chthoniobacter,null
ASV_011418,TACAGAGGGTGCGAGCGTTAATCGGATTTACTGGGCGTAAAGGGCGCGTAGGCGGTTGTGTGAGTGTGATGTGAAAGCCCCGGGCTTAAC,Bacteria;Proteobacteria;Gammaproteobacteria;Diplorickettsiales;Diplorickettsiaceae;Aquicella;unidentified;unidentified_unclassified;,Bacteria,Proteobacteria,Gammaproteobacteria,Diplorickettsiales,Diplorickettsiaceae,Aquicella,unidentified
ASV_011820,GACGGAGGATGCAAGCGTTATCCGGAATGATTGGGCGTAAAGCGTCTGTAGGTGGATTGTAAAGTCCTCTGTTAAAGATCGGGGCTTAAC,Bacteria;Cyanobacteria;Cyanobacteriia;Cyanobacteriales;Chroococcidiopsaceae;Dapisostemonum_CCIBt_3536;uncultured_cyanobacterium;uncultured_cyanobacterium_unclassified;,Bacteria,Cyanobacteria,Cyanobacteriia,Cyanobacteriales,Chroococcidiopsaceae,Dapisostemonum_CCIBt_3536,null
ASV_011821,TACGGAGGGGGTTAGCGTTGTTCGGAATTACTGGGCGTAAAGCGCGCGTAGGCGGACATTTAAGTTAGAGGTGAAATCCCACGGCTCAAC,Bacteria;Proteobacteria;Alphaproteobacteria;Rhodobacterales;Rhodobacteraceae;Flavimaricola;Flavimaricola_unclassified;Flavimaricola_unclassified;,Bacteria,Proteobacteria,Alphaproteobacteria,Rhodobacterales,Rhodobacteraceae,Flavimaricola,null
ASV_011918,TACGTATGGGGCAAGCGTTGTTCGGAGTTATTGGGCGTAAAGGGCGTGTAGGCGGCTCATCAAGTCTGGTGTGAAATTGCAGGGCTCAAC,Bacteria;Spirochaetota;Spirochaetia;Spirochaetales;Spirochaetaceae;Spirochaeta;Spirochaeta_unclassified;Spirochaeta_unclassified;,Bacteria,Spirochaetota,Spirochaetia,Spirochaetales,Spirochaetaceae,Spirochaeta,null
ASV_012626,GACAGAAGGGACAAGTTTCCTGCGATTGTATTCGGCGTATAGCGTGATATAGCGTCTTAGATAATGATGTATTGTGATAGAATTCTCAAA,Bacteria;Bacteria_unclassified;Bacteria_unclassified;Bacteria_unclassified;Bacteria_unclassified;Bacteria_unclassified;Bacteria_unclassified;Bacteria_unclassified;,Bacteria,null,null,null,null,null,null
ASV_012659,TACGTAGGTGGCAAGCGTTGTCCGGAATTACTGGGTGTAAAGGGCGTGTAGACGGGTAAGCAAGTCAGATGTGAAATACCGCAGCTTAAC,Bacteria;Firmicutes;Clostridia;Clostridia_unclassified;Clostridia_unclassified;Clostridia_unclassified;Clostridia_unclassified;Clostridia_unclassified;,Bacteria,Firmicutes,Clostridia,null,null,null,null
ASV_012758,TACGAAGGGGGCTAGCGTTGTTCGGATTTACTGGGCGTAAAGCGCACGTAGGCGGACATTTAAGTCAGAGGTGAAATCCCAGGGCTCAAC,Bacteria;Proteobacteria;Alphaproteobacteria;Rhizobiales;Rhizobiaceae;Bartonella;Bartonella_unclassified;Bartonella_unclassified;,Bacteria,Proteobacteria,Alphaproteobacteria,Rhizobiales,Rhizobiaceae,Bartonella,null
ASV_013011,TACGTAGGGGGCAAGCGTTATCCGGATTTACTGGGTGTAAAGGGAGCGCAGACGGAGATGCAAGTCCGGAGTGAAAGGCGGGGGCCCAAC,Bacteria;Firmicutes;Clostridia;Lachnospirales;Lachnospiraceae;Lachnospiraceae_unclassified;Lachnospiraceae_unclassified;Lachnospiraceae_unclassified;,Bacteria,Firmicutes,Clostridia,Lachnospirales,Lachnospiraceae,null,null
ASV_013339,TACGAAGGGGGCTAGCGTTGTTCGGAATTACTGGGCGTAAAGCGTAGGTAGGCGGCTTGGTTAGTCAGAGGTGAAATCCCGGAGCTCAAC,Bacteria;Proteobacteria;Alphaproteobacteria;Alphaproteobacteria_unclassified;Alphaproteobacteria_unclassified;Alphaproteobacteria_unclassified;Alphaproteobacteria_unclassified;Alphaproteobacteria_unclassified;,Bacteria,Proteobacteria,Alphaproteobacteria,null,null,null,null
ASV_013340,TACGGAGGGTGCAAGCGTTGTCCGGATTTATTGGGTTTAAAGGGTGCGTAGGTGGCCTGTTAAGTCTGCTTTGAAAGCTGGTCGCTTAAC,Bacteria;Bacteroidota;Bacteroidia;Cytophagales;Spirosomaceae;Fibrella;uncultured_bacterium;uncultured_bacterium_unclassified;,Bacteria,Bacteroidota,Bacteroidia,Cytophagales,Spirosomaceae,Fibrella,null
ASV_013530,TACGGAAGATGCGAGCGTTATCCGGATTTATTGGGTTTAAAGGGAGCGTAGGCGGGAGGACAAGTCAGCTGTGAAAGTTTGCGGCTCAAC,Bacteria;Bacteroidota;Bacteroidia;Bacteroidales;Prevotellaceae;Prevotellaceae_unclassified;Prevotellaceae_unclassified;Prevotellaceae_unclassified;,Bacteria,Bacteroidota,Bacteroidia,Bacteroidales,Prevotellaceae,null,null
ASV_013653,TACGAAGGTCCCAAGCGTTGTTCGGAATCACTGGGCGTAAAGGGAGCGTAGGCGGTAAAGTAAGTCAGATGTGAAATCCCGAGGCTCAAC,Bacteria;Verrucomicrobiota;Verrucomicrobiae;Verrucomicrobiales;Rubritaleaceae;Rubritaleaceae_unclassified;Rubritaleaceae_unclassified;Rubritaleaceae_unclassified;,Bacteria,Verrucomicrobiota,Verrucomicrobiae,Verrucomicrobiales,Rubritaleaceae,null,null
ASV_014095,TACGTAGGTGGCAAGCGTTGTCCGGAATTATTGGGCGTAAAGCGCGCGCAGGCGGTCCTTTAAGTCTGATGTGAAATCTTGCGGCTTAAC,Bacteria;Firmicutes;Bacilli;Bacillales;Bacillaceae;Bacillaceae_unclassified;Bacillaceae_unclassified;Bacillaceae_unclassified;,Bacteria,Firmicutes,Bacilli,Bacillales,Bacillaceae,null,null
ASV_014175,TACAGAGGTCCCGAGCGTTGTTCGGATTCACTGGGCGTAAAGGGTGCGTAGGCGGTTGGGTAAGTCTGATGTGAAATCTCCGGGCTCAAC,Bacteria;Verrucomicrobiota;Verrucomicrobiae;Pedosphaerales;Pedosphaeraceae;Pedosphaeraceae_unclassified;Pedosphaeraceae_unclassified;Pedosphaeraceae_unclassified;,Bacteria,Verrucomicrobiota,Verrucomicrobiae,Pedosphaerales,Pedosphaeraceae,null,null
ASV_014334,TACAGAGGGTGCAAGCGTTAATCGGAATTACTGGGCGTAAAGGGCGCGTAGGTGGTTATTTAAGTGAGATGTGAAATCCCCGGGCTTAAC,Bacteria;Proteobacteria;Gammaproteobacteria;Gammaproteobacteria_unclassified;Gammaproteobacteria_unclassified;Gammaproteobacteria_unclassified;Gammaproteobacteria_unclassified;Gammaproteobacteria_unclassified;,Bacteria,Proteobacteria,Gammaproteobacteria,null,null,null,null
ASV_014852,TACGTAGGTGGCAAGCGTTGTCCGGAATTATTGGGCGTAAAGCGCGCGCAGGCGGTCCTTTAAGTCTGATGTGAAAGCCCACGGCTTAAC,Bacteria;Firmicutes;Bacilli;Bacillales;Bacillales_unclassified;Bacillales_unclassified;Bacillales_unclassified;Bacillales_unclassified;,Bacteria,Firmicutes,Bacilli,Bacillales,null,null,null
ASV_014853,GACGGAGGATGCAAGTGTTATCCGGAATCACTGGGCGTAAAGCGTCTGTAGGTGGTTAAATAAGTCAACTGTTAAATCTTGAGGCTCAAC,Bacteria;Cyanobacteria;Cyanobacteriia;Chloroplast;Chloroplast_unclassified;Chloroplast_unclassified;Chloroplast_unclassified;Chloroplast_unclassified;,Bacteria,Cyanobacteria,Cyanobacteriia,Chloroplast,null,null,null
ASV_015135,GCTCCTACCGATTTCGAGTGATCCGGTGAACCTTTTGGACTGCGCGGGGCCCCGTGCTCCGCGCGGAAAATCAAGTAAACCATATCACTT,Bacteria;Bacteria_unclassified;Bacteria_unclassified;Bacteria_unclassified;Bacteria_unclassified;Bacteria_unclassified;Bacteria_unclassified;Bacteria_unclassified;,Bacteria,null,null,null,null,null,null
ASV_015386,TACGTAGGGCGCGAGCGTTGTCCGGATTTACTGGGCGTAAAGGGCTCGTAGGCGGTCCGTCGCGTCGGCTGTGAAAGACCGCAGCTCAAC,Bacteria;Actinobacteriota;Actinobacteria;Pseudonocardiales;Pseudonocardiaceae;Saccharopolyspora_rectivirgula;Saccharopolyspora_rectivirgula_unclassified;Saccharopolyspora_rectivirgula_unclassified;,Bacteria,Actinobacteriota,Actinobacteria,Pseudonocardiales,Pseudonocardiaceae,Saccharopolyspora_rectivirgula,null
ASV_015458,TACGGAGGGTGCAAGCGTTAATCGGAATTACTGGGCGTAAAGCGCGCGTAGGCGGTCTAGTCAGTCAGATGTGAAAGCCCCGGGCTCAAC,Bacteria;Proteobacteria;Gammaproteobacteria;Gammaproteobacteria_unclassified;Gammaproteobacteria_unclassified;Gammaproteobacteria_unclassified;Gammaproteobacteria_unclassified;Gammaproteobacteria_unclassified;,Bacteria,Proteobacteria,Gammaproteobacteria,null,null,null,null
ASV_015678,TACGGAGGGTGCAAGCGTTATCCGGATTTATTGGGTTTAAAGGGTTCGTAGGCGGGAAATTAAGTCAGTGGTGAAAGCCTGTGGCTCAAC,Bacteria;Bacteroidota;Bacteroidia;Flavobacteriales;Flavobacteriales_unclassified;Flavobacteriales_unclassified;Flavobacteriales_unclassified;Flavobacteriales_unclassified;,Bacteria,Bacteroidota,Bacteroidia,Flavobacteriales,null,null,null
ASV_015926,TACGAAGGGTGCAAGCGTTACTCGGAATTACTGGGCGTAAAGCGTGCGTAGGTGGTGCGTTAAGTCTGTCGTGAAAGCCCCGGGCTCAAC,Bacteria;Proteobacteria;Gammaproteobacteria;Xanthomonadales;Xanthomonadaceae;Arenimonas;Arenimonas_unclassified;Arenimonas_unclassified;,Bacteria,Proteobacteria,Gammaproteobacteria,Xanthomonadales,Xanthomonadaceae,Arenimonas,null
ASV_016020,TACGTAGGTGGCAAGCGTTATCCGGATTTACTGGGTGTAAAGGGCGTGTAGGCGGGACTGCAAGTCAGATGTGAAATTTCAGGGCTCAAC,Bacteria;Firmicutes;Clostridia;Oscillospirales;Oscillospiraceae;Intestinimonas;Intestinimonas_unclassified;Intestinimonas_unclassified;,Bacteria,Firmicutes,Clostridia,Oscillospirales,Oscillospiraceae,Intestinimonas,null
ASV_016182,TACGGAGGGGGTTAGCGTTGTTCGGAATTACTGGGCGTAAAGCGTACGTAGGCGGACTATTAAGTTAGGGGTGAAATCCCAGGGCTCAAC,Bacteria;Proteobacteria;Alphaproteobacteria;Rhodobacterales;Rhodobacteraceae;Rhodobacteraceae_unclassified;Rhodobacteraceae_unclassified;Rhodobacteraceae_unclassified;,Bacteria,Proteobacteria,Alphaproteobacteria,Rhodobacterales,Rhodobacteraceae,null,null
ASV_016183,GACAGGGGATGCAAGCGTTATCCGGAATGATTGGGCGTAAAGCGTTTGTAGGTTGCTTTTTAAGTCCATCGTCAAATCCCAGGGCTTAAC,Bacteria;Cyanobacteria;Cyanobacteriia;Chloroplast;Chloroplast_unclassified;Chloroplast_unclassified;Chloroplast_unclassified;Chloroplast_unclassified;,Bacteria,Cyanobacteria,Cyanobacteriia,Chloroplast,null,null,null
ASV_016365,GCTCCTACCGATTTTGAGTGGTCCGGTGAACCTTCTGGACTGCGCTAGGTCATACTAGCGTGGGAAGTTAAGTAAACCTTATCACTTAGA,Bacteria;Bacteria_unclassified;Bacteria_unclassified;Bacteria_unclassified;Bacteria_unclassified;Bacteria_unclassified;Bacteria_unclassified;Bacteria_unclassified;,Bacteria,null,null,null,null,null,null
ASV_016712,TACCTGCAGCTCAAGTGGTGGCCGCTATTATTGGGCCTAAAACGTCCGTAGCCGGTTTAATAAATGCCTGGGTAAATCGTGTAGCTCAAC,Archaea;Thermoplasmatota;Thermoplasmata;Marine_Benthic_Group_D_and_DHVEG-1;Marine_Benthic_Group_D_and_DHVEG-1_unclassified;Marine_Benthic_Group_D_and_DHVEG-1_unclassified;Marine_Benthic_Group_D_and_DHVEG-1_unclassified;Marine_Benthic_Group_D_and_DHVEG-1_unclassified;,Archaea,Thermoplasmatota,Thermoplasmata,Marine_Benthic_Group_D_and_DHVEG-1,null,null,null
ASV_016713,TCCGGCTGACTGACTCGATAGATCATTAGATACCCCGGTAGTCCGGCTGACTGACTCGATAGATCTTCATCTCGTATGCCGTCTTCTGCT,unknown;unknown_unclassified;unknown_unclassified;unknown_unclassified;unknown_unclassified;unknown_unclassified;unknown_unclassified;unknown_unclassified;,unknown,null,null,null,null,null,null
ASV_016714,TACAGAGACTGCAAGCGTTATTCGGATTCACTGGGCGTAAAGGGTGCGCAGGCGGCCGTGTGTGTTAGGCGTGAAAGCCTGAGGCTTAAC,Bacteria;Verrucomicrobiota;Verrucomicrobiae;Opitutales;Opitutaceae;Lacunisphaera;Lacunisphaera_unclassified;Lacunisphaera_unclassified;,Bacteria,Verrucomicrobiota,Verrucomicrobiae,Opitutales,Opitutaceae,Lacunisphaera,null
ASV_017216,GACGTAGGGGGCGAGCGTTGTCCGGAATTATTGGGCGTAAAGAGCTCGTAGGCGGTTGCGTAAGTCGGATGTGAAAACTCAGGGCTCAAC,Bacteria;Actinobacteriota;Acidimicrobiia;Microtrichales;Microtrichaceae;uncultured;uncultured_unclassified;uncultured_unclassified;,Bacteria,Actinobacteriota,Acidimicrobiia,Microtrichales,Microtrichaceae,null,null
ASV_017272,TACGGAGGGTGCAAGCGTTAATCGGAATTACTGGGCGTAAAGCGCGCGTAGGTGGTTTGGTAAGCGAGATGTGAAAGCCCCGGGCTCAAC,Bacteria;Proteobacteria;Gammaproteobacteria;Alteromonadales;Marinobacteraceae;Marinobacter;Marinobacter_unclassified;Marinobacter_unclassified;,Bacteria,Proteobacteria,Gammaproteobacteria,Alteromonadales,Marinobacteraceae,Marinobacter,null
ASV_017273,CATTATTAGATACCCCGGTAGTCCGGCTGACTGACTAGCTGGAAGTCCATCTCGTATGCCGTCTTCTGCTTGATTAGAAACCCTGGTAGT,Bacteria;Bacteria_unclassified;Bacteria_unclassified;Bacteria_unclassified;Bacteria_unclassified;Bacteria_unclassified;Bacteria_unclassified;Bacteria_unclassified;,Bacteria,null,null,null,null,null,null
ASV_017458,TACGTAAGAGGCTAGTGTTATTCATCTTCAATAGGTTTAAAGGGTACTTAGACGGTGAACATTAACCTTATTTAAGGTTCAGTTTTACTA,Bacteria;Proteobacteria;Alphaproteobacteria;Rickettsiales;Mitochondria;Mitochondria_unclassified;Mitochondria_unclassified;Mitochondria_unclassified;,Bacteria,Proteobacteria,Alphaproteobacteria,Rickettsiales,Mitochondria,null,null
ASV_017560,GACGGAGGATGCAAGTGTTATCCGGAATCACTGGGCGTAAAGCGTCTGCAGGTGGTTTAGTAAGTCTATCATTAAAGCTTGAAGCTCAAC,Bacteria;Cyanobacteria;Cyanobacteriia;Chloroplast;Chloroplast_unclassified;Chloroplast_unclassified;Chloroplast_unclassified;Chloroplast_unclassified;,Bacteria,Cyanobacteria,Cyanobacteriia,Chloroplast,null,null,null
ASV_019154,TACGAGTGCTTCAAGCGTTATCCGGAATCATTGGGCGTAAAGGGTGCGTAGGCGGTTTTGTTAGTCTCGCGTTAAATCTTTCGGCTCAAC,Bacteria;Patescibacteria;Parcubacteria;uncultured_bacterium;uncultured_bacterium_unclassified;uncultured_bacterium_unclassified;uncultured_bacterium_unclassified;uncultured_bacterium_unclassified;,Bacteria,Patescibacteria,Parcubacteria,null,null,null,null
ASV_019155,AAACCATCTGAGTAGGGTCCAAGTGAGGGCGCCTCATCCTGGGGCGTTCAAACTTGGGCTCTGCAAGGAGGGTTAAGTCGTAACAAGGTA,Bacteria;Bacteria_unclassified;Bacteria_unclassified;Bacteria_unclassified;Bacteria_unclassified;Bacteria_unclassified;Bacteria_unclassified;Bacteria_unclassified;,Bacteria,null,null,null,null,null,null
ASV_019631,TACGTAGGGGCCTAGCGTTGTCCGGATTTATTGGGCGTAAAGAGCTCGTAGGCGGTTCGGCAAGTCGGATGTGAAATCTCCACGCTTAAC,Bacteria;Actinobacteriota;Acidimicrobiia;IMCC26256;IMCC26256_unclassified;IMCC26256_unclassified;IMCC26256_unclassified;IMCC26256_unclassified;,Bacteria,Actinobacteriota,Acidimicrobiia,IMCC26256,null,null,null
ASV_019893,TACAGAGGGTGCAAGCGTTATCCGGATTTATTGGGTTTAAAGGGTGCGTAGGCGGCTTATTAAGTCAGGGGTGAAAGACGGTGGCTCAAC,Bacteria;Bacteroidota;Bacteroidia;Sphingobacteriales;Sphingobacteriaceae;Pedobacter;Pedobacter_unclassified;Pedobacter_unclassified;,Bacteria,Bacteroidota,Bacteroidia,Sphingobacteriales,Sphingobacteriaceae,Pedobacter,null
ASV_019894,GACAGAGGTGCCAAGCGTTAGGCGGAATCACTGGGCTTAAAGCGTGTGTAGGCGGATTTGTAAGTACCTTGTGAAATCCCACGGCTCAAC,Bacteria;Planctomycetota;Phycisphaerae;Tepidisphaerales;WD2101_soil_group;uncultured_Planctomycetia_bacterium;uncultured_Planctomycetia_bacterium_unclassified;uncultured_Planctomycetia_bacterium_unclassified;,Bacteria,Planctomycetota,Phycisphaerae,Tepidisphaerales,WD2101_soil_group,null,null
ASV_020147,TACGAGAGGGGTAAGCATTATTCATCATGAATGGGTCTAAAGGGTACGTAGGCAGTTTCATAAGACTGAATAATATCAAACGAAATGAAT,Bacteria;Proteobacteria;Alphaproteobacteria;Rickettsiales;Rickettsiaceae;Rickettsiaceae_unclassified;Rickettsiaceae_unclassified;Rickettsiaceae_unclassified;,Bacteria,Proteobacteria,Alphaproteobacteria,Rickettsiales,Rickettsiaceae,null,null
ASV_020148,TACGGAGGGTGCAAGCGTTATCCGGAATCACTGGGTTTAAAGGGTGCGTAGGCGGCGTTATAAGTCAGAAGTGAAAGCTCTCAGCTTAAC,Bacteria;Bacteroidota;Bacteroidia;Chitinophagales;Saprospiraceae;Saprospiraceae_unclassified;Saprospiraceae_unclassified;Saprospiraceae_unclassified;,Bacteria,Bacteroidota,Bacteroidia,Chitinophagales,Saprospiraceae,null,null
ASV_020149,TACGAAGGGTGCAAGCGTTGTTCGGATTTATTGGGCGTAAAGAGTATGTAGGCGGTTTTGTAAGTCAGGTGTGAAATCTTGGGGCTCAAC,Bacteria;Bacteria_unclassified;Bacteria_unclassified;Bacteria_unclassified;Bacteria_unclassified;Bacteria_unclassified;Bacteria_unclassified;Bacteria_unclassified;,Bacteria,null,null,null,null,null,null
ASV_020288,TACGTAGGGGGCTAGCGTTGTCCGGAATCACTGGGCGTAAAGGGTTCGCAGGCGGAAATGCAAGTCAGATGTAAAAGGCAGTGGCTTAAC,Bacteria;Firmicutes;Clostridia;Peptostreptococcales-Tissierellales;Peptoniphilus;Peptoniphilus_unclassified;Peptoniphilus_unclassified;Peptoniphilus_unclassified;,Bacteria,Firmicutes,Clostridia,Peptostreptococcales-Tissierellales,Peptoniphilus,null,null
ASV_020708,TACGTAGGTGGCAAGCGTTGTCCGGATTTACTGGGTGTAAAGGGCGCGTAGGCGGGATAGCAAGTCAGGTGTGAAATCTATGGGCTCAAC,Bacteria;Firmicutes;Clostridia;Oscillospirales;Oscillospiraceae;Oscillospiraceae_unclassified;Oscillospiraceae_unclassified;Oscillospiraceae_unclassified;,Bacteria,Firmicutes,Clostridia,Oscillospirales,Oscillospiraceae,null,null
ASV_020709,TACGTATGGGGCAAGCGTTATCCGGATTTACTGGGTGTAAAGGGAGCGCAGGCGGTAAGGCAAGTCAGAAGTGAAAACCCGGGGCTCAAC,Bacteria;Firmicutes;Clostridia;Lachnospirales;Lachnospiraceae;Lachnospiraceae_unclassified;Lachnospiraceae_unclassified;Lachnospiraceae_unclassified;,Bacteria,Firmicutes,Clostridia,Lachnospirales,Lachnospiraceae,null,null
ASV_020895,TACGTAGGGCGCAAGCGTTGTCCGGAATTATTGGGCGTAAAGAGCTCGTAGGCGGTTTGTCGCGTCCGTCGTGAAAGCCCACAGCTTAAC,Bacteria;Actinobacteriota;Actinobacteria;Streptosporangiales;Thermomonosporaceae;Thermomonosporaceae_unclassified;Thermomonosporaceae_unclassified;Thermomonosporaceae_unclassified;,Bacteria,Actinobacteriota,Actinobacteria,Streptosporangiales,Thermomonosporaceae,null,null
ASV_021154,GACGGAGGGTGCAAGCGTTGTTCGGATTGACTGGGCGTAAAGGGCGTGTAGGCGGCTGGTCAAGTCTGGTGTGAAAGCCCGGGGCTCAGC,Bacteria;RCP2-54;RCP2-54_unclassified;RCP2-54_unclassified;RCP2-54_unclassified;RCP2-54_unclassified;RCP2-54_unclassified;RCP2-54_unclassified;,Bacteria,RCP2-54,null,null,null,null,null
ASV_021155,GACAGAGGTGGCAAGCGTTGTTCGGAATTACTGGGCTTAAAGGGCGCGTAGGTGGTGGCGTAAGTCCGGGGTGGAAGTCTGAGGCTTAAC,Bacteria;Nitrospirota;Thermodesulfovibrionia;uncultured;uncultured_bacterium;uncultured_bacterium_unclassified;uncultured_bacterium_unclassified;uncultured_bacterium_unclassified;,Bacteria,Nitrospirota,Thermodesulfovibrionia,null,null,null,null
ASV_021628,TACAGAGGGTGCGAGCGTTGTCCGGAATCACTGGGCGTAAAGGGCGCGTAGGTGGCGGGCCAAGTCAGTGGTGAAAGCTCGATGCTCAAC,Bacteria;Gemmatimonadota;Gemmatimonadetes;Gemmatimonadales;Gemmatimonadaceae;Gemmatimonas;uncultured_Gemmatimonadetes_bacterium;uncultured_Gemmatimonadetes_bacterium_unclassified;,Bacteria,Gemmatimonadota,Gemmatimonadetes,Gemmatimonadales,Gemmatimonadaceae,Gemmatimonas,null
ASV_022659,TACGGAGGGGGCGAGCGTTATTCGGAATTATTGGGCGTAAAGGGCGCGTAGGCGGCACGATAAGTCAAAGGTGAAATCCCTCGGCTCAAC,Bacteria;Acidobacteriota;Thermoanaerobaculia;Thermoanaerobaculales;Thermoanaerobaculaceae;Subgroup_10;Subgroup_10_unclassified;Subgroup_10_unclassified;,Bacteria,Acidobacteriota,Thermoanaerobaculia,Thermoanaerobaculales,Thermoanaerobaculaceae,Subgroup_10,null
ASV_022660,GACGTAGGGTGCAAGCGTTGTCCGGATTTACTGGGCGTAAAGAGCGCGTAGGCGGCTCGTTAAGTGAGAAGTGAAAGCTCTGGGCTCAAC,Bacteria;Armatimonadota;Fimbriimonadia;Fimbriimonadales;Fimbriimonadaceae;Fimbriimonadaceae_unclassified;Fimbriimonadaceae_unclassified;Fimbriimonadaceae_unclassified;,Bacteria,Armatimonadota,Fimbriimonadia,Fimbriimonadales,Fimbriimonadaceae,null,null
ASV_022661,AACGTAGGAGGCGAGCGTTATCCGGAGTTACTGGGCGTAAAGAGCGTGTAGGCGGGTATGCAAGTTTGGCGTGAAAGCTCCCGGCTAAAC,Bacteria;Chloroflexi;Anaerolineae;SBR1031;A4b;A4b_unclassified;A4b_unclassified;A4b_unclassified;,Bacteria,Chloroflexi,Anaerolineae,SBR1031,A4b,null,null
ASV_022662,TACGTAGGAGGCGAGCGTTGTCCGGAGTTACTGGGCGTAAAGCGCCCGCAGGCGGTCTGTGAAGTTCAGGGTGACAGTCATCAGCTTAAC,Bacteria;Chloroflexi;Ktedonobacteria;Ktedonobacterales;Ktedonobacteraceae;Ktedonobacteraceae_unclassified;Ktedonobacteraceae_unclassified;Ktedonobacteraceae_unclassified;,Bacteria,Chloroflexi,Ktedonobacteria,Ktedonobacterales,Ktedonobacteraceae,null,null
ASV_023183,TACGGAGGGTGCAAGCGTTAATCGGAATTACTGGGCGTAAAGCGCGCGTAGGTGGTTTGGTAAGTCAGATGTGAAAGCCCCGGGCTTAAC,Bacteria;Proteobacteria;Gammaproteobacteria;Gammaproteobacteria_unclassified;Gammaproteobacteria_unclassified;Gammaproteobacteria_unclassified;Gammaproteobacteria_unclassified;Gammaproteobacteria_unclassified;,Bacteria,Proteobacteria,Gammaproteobacteria,null,null,null,null
ASV_023184,TACGGAGGGTGCAAGCGTTAATCGGAATTACTGGGCGTAAAGCGCGCGTAGGTGGTTATTTAAGTCAGTTGTGAAAGCCCAGGGCTCAAC,Bacteria;Proteobacteria;Gammaproteobacteria;Oceanospirillales;Nitrincolaceae;Nitrincolaceae_unclassified;Nitrincolaceae_unclassified;Nitrincolaceae_unclassified;,Bacteria,Proteobacteria,Gammaproteobacteria,Oceanospirillales,Nitrincolaceae,null,null
ASV_023368,TCCGGCTGACTGACATTAGAAACCCTGGTAGTCCGGCTGACTGACTGAAGTCTCGCATATCTCGTATGCCGTCTTCTGCTTGAAAAAAAA,Bacteria;Bacteria_unclassified;Bacteria_unclassified;Bacteria_unclassified;Bacteria_unclassified;Bacteria_unclassified;Bacteria_unclassified;Bacteria_unclassified;,Bacteria,null,null,null,null,null,null
ASV_024162,TACGGAGGGTGCAAGCGTTATCCGGATTCACTGGGTTTAAAGGGTGCGTAGGTGGATTGCCAAGTCCGTGGTGAAATCTCCGAGCTTAAC,Bacteria;Bacteroidota;Bacteroidia;Chitinophagales;Chitinophagaceae;Segetibacter;metagenome;metagenome_unclassified;,Bacteria,Bacteroidota,Bacteroidia,Chitinophagales,Chitinophagaceae,Segetibacter,metagenome
ASV_025013,TACGTAGGTGGCGAGCGTTATCCGGAATTATTGGGCGTAAAGCGCGCGCAGGCGGTTCCTTAAGTCTGATGTGAAAGCCCACGGCTCAAC,Bacteria;Firmicutes;Bacilli;Bacillales;Bacillaceae;Bacillus;Bacillus_unclassified;Bacillus_unclassified;,Bacteria,Firmicutes,Bacilli,Bacillales,Bacillaceae,Bacillus,null
ASV_025899,TACAGAGGGTGCGAGCGTTAATCGGAGTTACTGGGCGTAAAGGGCGCGTAGGCGGTTATATAAGTGAGATGTGAAATCCCTGGGCTTAAC,Bacteria;Proteobacteria;Gammaproteobacteria;Diplorickettsiales;Diplorickettsiaceae;uncultured;metagenome;metagenome_unclassified;,Bacteria,Proteobacteria,Gammaproteobacteria,Diplorickettsiales,Diplorickettsiaceae,null,metagenome
ASV_026387,AACGCGAGGGGTAAGCATTATTCAGCATTAATGGGTCTAAAGGGTACGTAGGCGGTTTCACAAAACTTTACTTGTTTAAAATCAAACCAA,Bacteria;Proteobacteria;Alphaproteobacteria;Rickettsiales;Mitochondria;Rhizomucor_pusillus;Rhizomucor_pusillus_unclassified;Rhizomucor_pusillus_unclassified;,Bacteria,Proteobacteria,Alphaproteobacteria,Rickettsiales,Mitochondria,Rhizomucor_pusillus,null
ASV_026865,TACGGAGGGTGCGAGCGTTATCCGGATTTACTGGGTTTAAAGGGTGTGTAGGCGGGCTGGTAAGTCAGGGGTGAAATCCCGGAGCTCAAC,Bacteria;Bacteroidota;Bacteroidia;Bacteroidia_unclassified;Bacteroidia_unclassified;Bacteroidia_unclassified;Bacteroidia_unclassified;Bacteroidia_unclassified;,Bacteria,Bacteroidota,Bacteroidia,null,null,null,null
ASV_026866,TACGAAGGGGGCTAGCGTTGTTCGGAATTACTGGGCGTAAAGCGTGCGCAGGCGGCTATCCAAGTCAGTGGTGAAAGCCCGGAGCTCAAC,Bacteria;Proteobacteria;Alphaproteobacteria;Micropepsales;Micropepsaceae;uncultured;unidentified;unidentified_unclassified;,Bacteria,Proteobacteria,Alphaproteobacteria,Micropepsales,Micropepsaceae,null,unidentified
ASV_027105,GCTCCTACCGATTTTGAGTGATCCGGTGAACCTTCTGGACTGTGTTTGGACTTGAGCCAGACGTGGGAAGTTAAGTAAACCTTATCACTT,Bacteria;Bacteria_unclassified;Bacteria_unclassified;Bacteria_unclassified;Bacteria_unclassified;Bacteria_unclassified;Bacteria_unclassified;Bacteria_unclassified;,Bacteria,null,null,null,null,null,null
ASV_027919,TACGTAGGGGGCGAGCGTTGTCCGGAATCATTGGGCGTAAAGAGCTCGTAGGCGGCTCAGTAAGTCGGTCGTGAAAGCCCGAGGCTCAAC,Bacteria;Actinobacteriota;Acidimicrobiia;Actinomarinales;uncultured;uncultured_unclassified;uncultured_unclassified;uncultured_unclassified;,Bacteria,Actinobacteriota,Acidimicrobiia,Actinomarinales,null,null,null
ASV_028866,GACGGAGGGGGCTAGCGTTGTTCGGAATGACTGGGTGTAAAGGGCGCGTAGGCGGTATTTTAAGTGAGGCGTGAAAGCCCTGGGCTCAAC,Bacteria;Proteobacteria;Alphaproteobacteria;Holosporales;Holosporaceae;uncultured;uncultured_unclassified;uncultured_unclassified;,Bacteria,Proteobacteria,Alphaproteobacteria,Holosporales,Holosporaceae,null,null
ASV_029157,TACGGAGGATGCGAGCGTTATCCGGATTTATTGGGTTTAAAGGGTGCGTAGGCGGGATTATAAGTCAGCGGTGAAAGTTTGAGGCTCAAC,Bacteria;Bacteroidota;Bacteroidia;Bacteroidales;Dysgonomonadaceae;Dysgonomonas;uncultured_Bacteroidia_bacterium;uncultured_Bacteroidia_bacterium_unclassified;,Bacteria,Bacteroidota,Bacteroidia,Bacteroidales,Dysgonomonadaceae,Dysgonomonas,null
ASV_030431,TACGAAGGTCCCAAGCGTTGTTCGGAATCACTGGGCGTAAAGCGTGTGTAGGCTGCGCGGAAAGTCAAATGTGAAAGCCAAGGGCTCAAC,Bacteria;Verrucomicrobiota;Verrucomicrobiae;Verrucomicrobiales;Rubritaleaceae;Roseibacillus;Roseibacillus_unclassified;Roseibacillus_unclassified;,Bacteria,Verrucomicrobiota,Verrucomicrobiae,Verrucomicrobiales,Rubritaleaceae,Roseibacillus,null
ASV_030432,TACGGAGGGTGCAAGCGTTATCCGGAATCATTGGGTTTAAAGGGTCCGTAGGCGGGTAGATAAGTCAGTGGTGAAATGCAGGGGCTCAAC,Bacteria;Bacteroidota;Bacteroidia;Flavobacteriales;Flavobacteriaceae;Flavobacteriaceae_unclassified;Flavobacteriaceae_unclassified;Flavobacteriaceae_unclassified;,Bacteria,Bacteroidota,Bacteroidia,Flavobacteriales,Flavobacteriaceae,null,null
ASV_030433,AACGTAGGGGGCGAGCGTTATCCGGAATTACTGGGCGTAAAGGGCGTCTAGGCGGCACGCCAAGTCTCGCGTGAAAGCTCCCGGCTCAAC,Bacteria;Chloroflexi;Anaerolineae;SBR1031;SBR1031_unclassified;SBR1031_unclassified;SBR1031_unclassified;SBR1031_unclassified;,Bacteria,Chloroflexi,Anaerolineae,SBR1031,null,null,null
ASV_032486,TCCGGCTGACTGACTATGATGACATTAGAAACCCGGGTAGTCCGGCTGACTGACTATGATGACCCGTATCTCGTATGCCGTCTTCTGCTT,Bacteria;Bacteria_unclassified;Bacteria_unclassified;Bacteria_unclassified;Bacteria_unclassified;Bacteria_unclassified;Bacteria_unclassified;Bacteria_unclassified;,Bacteria,null,null,null,null,null,null
ASV_032487,TCCGGCTGACTGACTTGGCACCGATTAATATTAGATACCCTAGTAGTCCGGCTGACTGACTTGGCACCGATTAATCTCGTATGCCGTCTT,Bacteria;Bacteria_unclassified;Bacteria_unclassified;Bacteria_unclassified;Bacteria_unclassified;Bacteria_unclassified;Bacteria_unclassified;Bacteria_unclassified;,Bacteria,null,null,null,null,null,null
ASV_033669,TACGAGTGCCTCAAGCGTTATCCGGAATTATTGGGCGTAAAGGATGTGTAGGTGGTCATATTAGTCTCTTGTTAAATTCTTCGGCTTAAC,Bacteria;Patescibacteria;Parcubacteria;Parcubacteria_unclassified;Parcubacteria_unclassified;Parcubacteria_unclassified;Parcubacteria_unclassified;Parcubacteria_unclassified;,Bacteria,Patescibacteria,Parcubacteria,null,null,null,null
ASV_036111,GACGAGGGATCCTAGCGTTGTTCGGAATCATTGGGCGTAAAGCGGGTGTAGGTGGCTTTGTAAGTCAGGTGTGAAAGCCTAGGGCTCAAC,Bacteria;Bdellovibrionota;Bdellovibrionia;Bdellovibrionales;Bdellovibrionaceae;Bdellovibrio;Bdellovibrio_unclassified;Bdellovibrio_unclassified;,Bacteria,Bdellovibrionota,Bdellovibrionia,Bdellovibrionales,Bdellovibrionaceae,Bdellovibrio,null
ASV_039337,TACGTAGGGGGCAAGCGTTGTCCGGAATCATTGGGCGTAAAGCGCGTGTAGGCGGCTGAGCAAGTCCGTTCTGAAAGCTCGAGGCTCAAC,Bacteria;Actinobacteriota;Thermoleophilia;Solirubrobacterales;Solirubrobacteraceae;Solirubrobacteraceae_unclassified;Solirubrobacteraceae_unclassified;Solirubrobacteraceae_unclassified;,Bacteria,Actinobacteriota,Thermoleophilia,Solirubrobacterales,Solirubrobacteraceae,null,null
ASV_043979,TACGTAGGGTGCGAGCGTTGTCCGGATTTATTGGGCGTAAAGAGCTCGTAGGCGGTTTGTCGCGTCGGCCGTGAAAACTCGCAGCTTAAC,Bacteria;Actinobacteriota;Actinobacteria;Pseudonocardiales;Pseudonocardiaceae;Pseudonocardiaceae_unclassified;Pseudonocardiaceae_unclassified;Pseudonocardiaceae_unclassified;,Bacteria,Actinobacteriota,Actinobacteria,Pseudonocardiales,Pseudonocardiaceae,null,null
ASV_089437,TACGAAGGGGACTAGCGTTGTTCGGAATTACTGGGCGTAAAGCGCGTGTAGGCTGATCAGTCAGTCAGGGGTGGAATCCCGGGGCTCAAC,Bacteria;Proteobacteria;Alphaproteobacteria;Alphaproteobacteria_unclassified;Alphaproteobacteria_unclassified;Alphaproteobacteria_unclassified;Alphaproteobacteria_unclassified;Alphaproteobacteria_unclassified;,Bacteria,Proteobacteria,Alphaproteobacteria,null,null,null,null
